{
  "sections": {
    "Verse": {
      "avg": 8.372384937238493,
      "median": 8,
      "min": 3,
      "max": 17,
      "stddev": 2.3339030650597463
    },
    "Pre Chorus": {
      "avg": 7.902654867256637,
      "median": 8,
      "min": 4,
      "max": 12,
      "stddev": 1.5962600192402812
    },
    "Chorus": {
      "avg": 8.290598290598291,
      "median": 8,
      "min": 1,
      "max": 16,
      "stddev": 2.825584665494456
    },
    "Bridge": {
      "avg": 7.3076923076923075,
      "median": 7,
      "min": 4,
      "max": 12,
      "stddev": 1.8438630475966689
    },
    "Outro": {
      "avg": 7.666666666666667,
      "median": 8,
      "min": 2,
      "max": 13,
      "stddev": 2.6499475885802384
    },
    "Post Chorus": {
      "avg": 8.5,
      "median": 9,
      "min": 6,
      "max": 11,
      "stddev": 1.707825127659933
    },
    "Intro": {
      "avg": 7,
      "median": 7,
      "min": 5,
      "max": 9,
      "stddev": 1.4142135623730951
    }
  }
}